Posición,Probabilidad
-4,3.0430026904921544e-32
-3,0.0
-2,0.24999999999999944
-1,0.0
0,0.49999999999999895
1,0.0
2,0.24999999999999944
3,0.0
