Posición,Probabilidad
-4,0.0465
-3,0.0106
-2,0.2186
-1,0.0207
0,0.40900000000000003
1,0.029599999999999998
2,0.242
3,0.023
