Posición,Probabilidad
-4,0.045
-3,0.0127
-2,0.21459999999999999
-1,0.0185
0,0.3921
1,0.035199999999999995
2,0.24619999999999997
3,0.0357
