Posición,Probabilidad
-4,0.0565
-3,0.0339
-2,0.2111
-1,0.0408
0,0.29700000000000004
1,0.042499999999999996
2,0.2761
3,0.0421
