Posición,Probabilidad
-4,0.0686
-3,0.032799999999999996
-2,0.2087
-1,0.0342
0,0.30920000000000003
1,0.0412
2,0.26990000000000003
3,0.0354
