Posición,Probabilidad
-4,0.0339
-3,0.007299999999999999
-2,0.2269
-1,0.0148
0,0.4344
1,0.0174
2,0.2506
3,0.014700000000000001
