Posición,Probabilidad
-4,0.0527
-3,0.0313
-2,0.1961
-1,0.0455
0,0.30110000000000003
1,0.054599999999999996
2,0.27
3,0.0487
